{
	"topwords": ["ktery", "jeho", "svuj", "jako", "moci", "tento", "kdyz", "vsechen", "nebo", "rici", "jeden", "jenz", "clovek", "stat", "muset", "velky", "chtit", "take", "jeste", "pred", "vsak", "vedet", "novy", "hodne", "podle", "dalsi", "cely", "jiny", "prvni", "mezi", "tady", "doba", "kazdy", "druhy", "misto", "dobry", "takovy", "strana", "protoze", "zacit", "neco", "zivot", "videt", "rikat", "zeme", "dite", "maly", "ruka", "svet", "dostat", "prace", "nejaky", "proto"],
	
	"letters": {"a": 9.130143, "c": 3.386033, "b": 1.668662, "e": 10.873935, "d": 3.739192, "g": 0.281757, "f": 0.288824, "i": 7.350494, "h": 2.196011, "k": 3.790121, "j": 2.232187, "m": 3.402485, "l": 4.322769, "o": 8.12584, "n": 6.530858, "q": 0.004768, "p": 3.308585, "s": 5.317375, "r": 4.615702, "u": 3.775443, "t": 5.659012, "w": 0.062058, "v": 4.057338, "y": 2.655102, "x": 0.069438, "z": 3.155869}, "nextLetters": {"a": 7.238696, "c": 3.676922, "b": 3.21439, "e": 7.719766, "d": 5.020447, "g": 0.734183, "f": 0.740615, "i": 6.326021, "h": 2.955507, "k": 4.415575, "j": 2.738286, "m": 3.496019, "l": 3.928996, "o": 7.630154, "n": 4.699521, "q": 0.010616, "p": 3.256832, "s": 5.373363, "r": 4.796747, "u": 4.78691, "t": 4.832402, "w": 0.129477, "v": 4.50819, "y": 3.152111, "x": 0.195847, "z": 4.422408}, "startLetters": {"a": 5.552159, "c": 3.427611, "b": 3.262984, "e": 0.571499, "d": 4.876009, "g": 0.277348, "f": 0.725114, "i": 1.183381, "h": 1.770271, "k": 4.936225, "j": 6.196234, "m": 4.972019, "l": 1.56379, "o": 3.900549, "n": 9.193361, "q": 0.006601, "p": 11.168794, "s": 10.499845, "r": 2.726109, "u": 2.223678, "t": 6.206766, "w": 0.137384, "v": 7.673406, "y": 0.019952, "x": 0.021572, "z": 6.907337}, "prevLetters": {"a": 7.554633, "c": 4.039652, "b": 2.103314, "e": 7.69423, "d": 3.8731, "g": 0.625064, "f": 0.439621, "i": 6.817329, "h": 2.625194, "k": 4.508261, "j": 1.909477, "m": 3.589178, "l": 5.717343, "o": 7.088389, "n": 6.498224, "q": 0.009221, "p": 2.637608, "s": 4.982024, "r": 5.140135, "u": 5.747111, "t": 4.889031, "w": 0.08564, "v": 3.809189, "y": 4.219539, "x": 0.185845, "z": 3.211647},

	"bigrams": {"gw": 0.000474, "gv": 0.001479, "gu": 0.025115, "gt": 0.001861, "gs": 0.003103, "gr": 0.035794, "gq": 6e-06, "gp": 0.002387, "gz": 0.001011, "gy": 0.007154, "gx": 2.9e-05, "gg": 0.001791, "gf": 0.000491, "ge": 0.041873, "gd": 0.00137, "gc": 0.001058, "gb": 0.00219, "ga": 0.04363, "go": 0.030223, "gn": 0.009223, "gm": 0.004097, "gl": 0.013684, "gk": 0.001081, "gj": 0.001635, "gi": 0.046837, "gh": 0.004161, "tz": 0.06975, "tx": 0.000306, "ty": 0.180038, "tv": 0.175011, "tw": 0.005299, "tt": 0.052599, "tu": 0.296608, "tr": 0.449376, "ts": 0.135022, "tp": 0.087947, "tq": 5.2e-05, "tn": 0.285877, "to": 0.833331, "tl": 0.073928, "tm": 0.049617, "tj": 0.052055, "tk": 0.121597, "th": 0.026473, "ti": 0.673784, "tf": 0.006865, "tg": 0.002658, "td": 0.044982, "te": 1.146467, "tb": 0.024485, "tc": 0.0381, "ta": 0.826784, "zl": 0.046485, "zm": 0.063521, "zn": 0.281635, "zo": 0.111323, "zh": 0.050807, "zi": 0.352206, "zj": 0.052552, "zk": 0.104804, "zd": 0.204564, "ze": 0.664064, "zf": 0.003577, "zg": 0.001341, "za": 0.558347, "zb": 0.058805, "zc": 0.032292, "zx": 9.8e-05, "zy": 0.019319, "zz": 0.019434, "zt": 0.059978, "zu": 0.091484, "zv": 0.115905, "zw": 0.000815, "zp": 0.129023, "zq": 1.7e-05, "zr": 0.059643, "zs": 0.07383, "mz": 0.102712, "ix": 0.00204, "iz": 0.393929, "wk": 0.000503, "iq": 0.00048, "vi": 0.431763, "vj": 0.017088, "vk": 0.057303, "vl": 0.101296, "vm": 0.019301, "iw": 0.002947, "vo": 0.338244, "me": 0.580723, "md": 0.046427, "mg": 0.00293, "mf": 0.008824, "ma": 0.467302, "mc": 0.049865, "mb": 0.042353, "mm": 0.048605, "ml": 0.071617, "mo": 0.324121, "mn": 0.170654, "mi": 0.462107, "ik": 0.444852, "mk": 0.061943, "mj": 0.060596, "mu": 0.311003, "mt": 0.068808, "mw": 0.001497, "mv": 0.072969, "mq": 9.2e-05, "mp": 0.13612, "ms": 0.135599, "mr": 0.05758, "im": 0.518647, "my": 0.098696, "mx": 0.000202, "il": 0.487199, "vv": 0.005623, "vw": 0.000254, "vx": 6.9e-05, "ic": 0.803299, "pq": 2.3e-05, "fp": 0.001133, "fq": 1.7e-05, "fr": 0.020931, "fs": 0.002288, "ft": 0.006426, "fu": 0.017435, "fv": 0.000641, "fw": 0.000231, "fy": 0.005802, "fz": 0.000578, "fa": 0.040232, "fb": 0.00074, "fc": 0.001208, "fd": 0.00145, "fe": 0.030934, "ff": 0.002959, "mh": 0.019139, "fh": 0.000509, "fi": 0.072512, "fj": 0.000878, "fk": 0.001907, "fl": 0.008541, "fm": 0.001127, "fn": 0.001843, "fo": 0.067456, "sz": 0.015528, "sy": 0.047721, "sx": 0.000919, "ss": 0.052425, "sr": 0.030778, "sq": 0.000901, "sp": 0.252626, "sw": 0.002121, "sv": 0.199686, "su": 0.091704, "st": 1.381097, "sk": 0.414108, "sj": 0.022705, "si": 0.59892, "sh": 0.022595, "so": 0.284808, "sn": 0.1871, "sm": 0.132306, "sl": 0.29469, "sc": 0.059337, "sb": 0.017279, "sa": 0.221391, "sg": 0.002155, "sf": 0.007772, "se": 0.942637, "sd": 0.034066, "wq": 1.7e-05, "lf": 0.00675, "lg": 0.005657, "ld": 0.035066, "le": 0.894592, "lb": 0.034182, "lc": 0.030246, "la": 0.88916, "ln": 0.226101, "lo": 0.518531, "ll": 0.025866, "lm": 0.051992, "lj": 0.047126, "lk": 0.095107, "lh": 0.020104, "li": 0.728567, "lv": 0.047681, "lw": 0.000896, "lt": 0.051616, "lu": 0.189614, "lr": 0.014615, "ls": 0.12058, "lp": 0.064197, "lq": 3.5e-05, "lz": 0.065503, "lx": 0.000127, "ly": 0.158859, "yi": 0.014794, "yh": 0.051293, "yk": 0.113935, "yj": 0.095431, "ym": 0.219305, "yl": 0.173774, "yo": 0.051865, "yn": 0.16881, "ya": 0.102175, "yc": 0.305097, "yb": 0.111542, "ye": 0.01028, "yd": 0.09227, "yg": 0.006137, "yf": 0.009859, "yy": 0.000324, "yx": 0.000861, "yz": 0.170301, "yq": 7.5e-05, "yp": 0.189024, "ys": 0.330778, "yr": 0.079401, "yu": 0.038521, "yt": 0.174109, "yw": 0.00204, "yv": 0.1431, "em": 0.906595, "el": 0.67041, "eo": 0.185343, "en": 1.39058, "ei": 0.057944, "eh": 0.328432, "ek": 0.538318, "ej": 0.631507, "ee": 0.027212, "ed": 0.788886, "eg": 0.041625, "ef": 0.059504, "ea": 0.206332, "ec": 0.556255, "eb": 0.321388, "ey": 0.004236, "ex": 0.047022, "ez": 0.57458, "eu": 0.126249, "et": 0.740813, "ew": 0.009287, "ev": 0.498225, "eq": 0.000705, "ep": 0.548546, "es": 0.935211, "er": 0.678725, "rt": 0.084417, "ru": 0.28753, "rv": 0.085723, "rw": 0.002254, "rp": 0.03094, "rq": 0.00015, "rr": 0.008657, "rs": 0.086636, "rx": 0.000428, "ry": 0.157114, "rz": 0.059314, "rd": 0.06029, "re": 0.79689, "rf": 0.00553, "rg": 0.030963, "ra": 0.955801, "rb": 0.016863, "rc": 0.055939, "rl": 0.018111, "rm": 0.076881, "rn": 0.131635, "ro": 0.91001, "rh": 0.025398, "ri": 0.659782, "rj": 0.010419, "rk": 0.058031, "xj": 0.000474, "xk": 0.001011, "xh": 0.000618, "xi": 0.019324, "xn": 0.002837, "xo": 0.002375, "xl": 0.000329, "xm": 0.001144, "xb": 0.000237, "xc": 0.001554, "xa": 0.002762, "xf": 0.000289, "xg": 0.000127, "xd": 0.000439, "xe": 0.003201, "xz": 0.000364, "xx": 0.000878, "xy": 0.001352, "xr": 0.000179, "xs": 0.000878, "xp": 0.008015, "xv": 0.000971, "xw": 8.1e-05, "xt": 0.011425, "xu": 0.00857, "wx": 1.7e-05, "kc": 0.05443, "kb": 0.021757, "ka": 0.566946, "kg": 0.002184, "kf": 0.003086, "ke": 0.302589, "kd": 0.189099, "kk": 0.021052, "kj": 0.044849, "ki": 0.021145, "kh": 0.012159, "ko": 0.742165, "kn": 0.092946, "km": 0.035863, "kl": 0.197912, "ks": 0.066531, "kr": 0.186915, "kq": 2.3e-05, "kp": 0.054592, "kw": 0.000965, "kv": 0.078777, "ku": 0.376644, "kt": 0.307154, "kz": 0.046779, "ky": 0.363486, "kx": 6.9e-05, "dn": 0.383585, "do": 0.618938, "dl": 0.168238, "dm": 0.042064, "dj": 0.022618, "dk": 0.062151, "dh": 0.015678, "di": 0.350536, "df": 0.002878, "dg": 0.001705, "dd": 0.020867, "de": 0.637505, "db": 0.033292, "dc": 0.048218, "da": 0.390132, "dz": 0.0256, "dx": 0.000121, "dy": 0.245732, "dv": 0.090519, "dw": 0.001393, "dt": 0.027836, "du": 0.201483, "dr": 0.163996, "ds": 0.106786, "dp": 0.077262, "dq": 5.8e-05, "qq": 1.7e-05, "qp": 8.1e-05, "qs": 6.9e-05, "qr": 5.2e-05, "qu": 0.003479, "qt": 3.5e-05, "qw": 1.7e-05, "qv": 5.8e-05, "qy": 6e-06, "qz": 3.5e-05, "qa": 0.000104, "qc": 8.7e-05, "qb": 2.9e-05, "qe": 1.7e-05, "qd": 2.9e-05, "qg": 1.2e-05,